title,price,page
Lexury location Prime House For Rent,Featured,1
Double Storey House For Rent On Main High Court Road Rawalpindi | Original Pictures Attached,Featured,1
House For Rent Available In Valencia Town,Featured,1
5 marla full house for rent,Featured,1
Brand New House For Rent,Featured,1
1 Kanal A Beautiful Brand New Luxury Full House For Rent In G-11,Featured,1
10 Marla Double Story New House for Rent in Ghalib Market Gulberg 3,Featured,1
10 Marla Elegant House for Rent in Bahria Town,Featured,1
1 Kanal Luxury House for Rent in DHA Phase 6 L Block Near Defence Raya Ideal for Families,Featured,1
5 Marla House for Rent in C Block Phase 6 DHA Lahore | 3 Bedroom House | Prime Location,Featured,1
House For Rent,Featured,1
Independent Full House For Rent At E-11,Featured,1
3.5marla full house for rent 3bad attached bathroom double TV lounge double kitchen 10kv solar installed,Featured,1
4 Kanal House For Office Use Prime Location Real Pix,Featured,1
5 Marla Brand New Luxury House For Rent In Dha 9 Town Lahore,Featured,1
House for Rent phse 4A,Featured,1
1 Kanal Corner Separate Gate & Entrance Upper Portion House For Rent In DHA Phase 7 Block Z,Featured,1
Beautiful House For Rent In F-7,Featured,1
Beautiful New House For Rent In Al Hafeez Garden Ph5,"Rs 55,000",1
Beautiful New House For Rent In Al Hafeez Garden Phase 5,"Rs 89,000",1
Brand New House For Rent In Lahore Medical Housing Society,"Rs 45,000",1
"defence raya - 1,2,3 Bed Flats and Rooms Guest House For Rent In Islamabad Airport ,FMC,B17 ,26 Number All Islamabad","Rs 4,500",1
Farm House For Rent With Swimming Pool On Barki Road And Bedian Road Next To DHA Phase Y,"Rs 15,000",1
"Farm House For Rent With Swimming Pool On Bedian Road , Barki Road Next To DHA Phase 7","Rs 15,000",1
3 Marla Double Storey House For Rent In Al Ahmad Garden Housing Society Prime Location,"Rs 50,000",1
4 Marla Corner Double Storey House For Rent In Al Ahmad Garden Housing Society,"Rs 55,000",1
Brand New 10 Marla House For Rent In Bahria Orchard Phase 1 | 5 Bed Luxury House For Rent,Rs 1.50 Lac,1
One Kanal House For Rent,Rs 3 Lac,1
5 marla 2.5 story house for rent,"Rs 50,000",1
5 marla uper 1.5 story house for rent,"Rs 55,000",1
Single story house for rent,"Rs 30,000",1
Farm House For Rent Near Dha And Swimming Pool For Rent Lahore Per Day,"Rs 15,000",1
1 Kanal Luxury House for Rent in DHA Phase 6 L Block Near Defence Raya Ideal for Families,Featured,2
Luxury 10.75 Marla House for Rent in Northern Extension 5 Bed Modern Living,Featured,2
street no1 major makhdoom society near to D 12.10 Marla Full House,Featured,2
One Kanal Full Furnished House For Short/Term,Featured,2
10 Marla Elegant House for Rent in Bahria Town,Featured,2
1000yd Like New Bungalow For Rent,Featured,2
10 Marla Like New House For Rent In Bahria Town Lahore,Featured,2
5 Kanal Farm House For Rent For Residential and Commercial Use,Featured,2
25x40 double story house for rent,Featured,2
Lexury location Prime House For Rent,Featured,2
14 MARLA HOUSE FOR RENT IN PARAGON CITY LAHORE,Featured,2
5 Marla House for Rent in C Block Phase 6 DHA Lahore | 3 Bedroom House | Prime Location,Featured,2
FARM HOUSE FOR RENT,Featured,2
6 Marla House For Rent In Green City Lahore,Featured,2
10 Marla Beautiful House for Rent in Bahria Town Lahore Prime Location,Featured,2
3 Marla Double Story house for Rent hot location al kabir town phase 2 raiwind lahore,Featured,2
10 Marla House Available For Rent In Buch Vilas Multan,Featured,2
5 marla full house for rent,Featured,2
Farm House For Rent Per Day And Swimming Pool For Rent In Dha,"Rs 15,000",2
Farmhouse For Rent In Lahore And Farm House In Dha,"Rs 15,000",2
7 kanal farm house available for in DHA phase 7 near badian road,"Rs 15,000",2
7 kanal farm house available for in badian road,"Rs 15,000",2
1 Kanal House for Rent in DHA Phase 7 S Block,Rs 3.25 Lac,2
10 Marla Single Storey Independent House For Rent In Central Park Housing,"Rs 50,000",2
5 Marla Double Storey House For Rent In Central Park Housing Scheme,"Rs 80,000",2
1 Kanal Branded Double Storey House For Rent In Central Park Housing Scheme,Rs 1.80 Lac,2
10 Marla Branded Double Storey House For Rent In Central Park Housing Scheme Ferozpur,"Rs 95,000",2
7 Marla Double Storey House For Rent In Central Park,"Rs 70,000",2
10 Marla Double Storey Branded Furnished Facing Park House For Rent In Central Park,Rs 1 Lac,2
farm house for rent with swimming pool on bedian road and barki road next to DHA phase 7,"Rs 15,000",2
Farm House For Rent With Swimming Pool On Barki Road And Bedian Road Next To DHA Phase 7 per day for rent,"Rs 15,000",2
Farm House For Rent With Swimming Pool On Barki Road And Bedian Road Next To DHA Phase 7,"Rs 15,000",2
5 Marla Ground Portion in Gulraiz near Bahria Town,Featured,3
12 Bed Full House Is Available For Rent,Featured,3
farm house for rent with swimming pool on bedian road / barki road next to DHA phase 7,Featured,3
8 Marla Fully Furnished House Short Term Basis In Bahria Enclave Islamabad,Featured,3
5 Marla House For Rent,Featured,3
Besment available for rent in h13 Islamabad,Featured,3
Double Bed Furnished Flat Available for Rent ( Per Day ),Featured,3
Furnished Studio House,Featured,3
family and couples room available 24/7,Featured,3
Family Guest House 3500,Featured,3
House For Rent,Featured,3
14 MARLA HOUSE FOR RENT IN PARAGON CITY LAHORE,Featured,3
A 3 Marla House In Etihad Town - Phase 2,Featured,3
120 Square Yards 2 Bed House For Rent In Chapal Uptown,Featured,3
10 Marla 4 Bed Uper Portion in Gulraiz near Bahria Town,Featured,3
600 yards Ground +1 Independent Bungalow for Rent,Featured,3
Furnished Apartment/Flat For Rent on Per Day in Citi Housing,Featured,3
E11 Guest House,Featured,3
farm house for rent dha and farmhouse for rent lahore and swimming pool,"Rs 15,000",3
Farm House For Rent In Lahore And Guest House For Rent And Farmhouse,"Rs 15,000",3
Farm House For Rent Dha And Swimming Pool Rent And Farmhouse Per Day,"Rs 15,000",3
Farm House For Rent Per Day In Dha And Farmhouse Lahore And Swimming Pool,"Rs 15,000",3
Farm House And Swimming Pool For Party For Rent And Farmhouse,"Rs 15,000",3
Farm House For Rent In Lahore And Guest House For Rent AndFarmhouse   Per Day,"Rs 15,000",3
Farm House For Rent (Per Day) Wedding Event In Lahore & Farmhouse,"Rs 15,000",3
Farm House For   Daily Basis For Rent And Swimming Pool In Lahore,"Rs 15,000",3
Farm House For Rent In Dha Phase 7 And Farmhouse In Lahore And Swimming Pool,"Rs 15,000",3
Farm House For Rent Dha Phase 7 And Swimming Pool For Rent Lahore,"Rs 15,000",3
Farm House For Rent In Lahore And Farmhouse In Dha Lahore,"Rs 15,000",3
"10 Marla Upper Portion Available for Rent in Bahria Town - Sector C, Lahore",Rs 1 Lac,3
10 Marla Luxury House is Available for Rent in Bahria Town Lahore,Rs 1.50 Lac,3
330 Sq Yard Town House For Rent,Rs 4.50 Lac,3
5 Marla Luxury House is Available for Rent in Bahria Town Lahore,"Rs 90,000",3
1 Kanal proper Commercial basement for rent,Featured,4
"Brand New 400 Sq. Yd. 1st Floor House For Rent At KESC Society, Safora Chowk RIMJHIM Near By University Road Scheme 33, Khi.",Featured,4
"Luxury Car Rental Islamabad | Prado, Land Cruiser | Rent A Car Service",Featured,4
3 Marla Double Story house for Rent hot location al kabir town phase 2 raiwind lahore,Featured,4
"House shifting Services, Truck For Rent & Best Movers and Packers",Featured,4
10 Marla Elegant House for Rent in Bahria Town,Featured,4
Fully Furnished 240 Sq Yards Guest House Floor,Featured,4
Luxury Kanal Villa,Featured,4
"Guest House , Room For Rent",Featured,4
Mazda For Rent Truck For Rent Shahzor For Rent Also Labur Loading,Featured,4
10 MARLA MOST LUXURIOUS HOUSE FOR SALE IN BAHRIA TOWN LAHORE,Featured,4
One Bed Apartment For Rent Furnished,Featured,4
"7 Marla 2nd Floor Sami Furnished For Rent In DHA Phase 1,Pakistan,Punjab,Lahore",Featured,4
10 Marla Brand New Double Unit House Available. For Rent In Margalla View Housing Society MVHS D-17 Islamabad.,Featured,4
New portion 3 bed dd central information society,Featured,4
1 Kanal Luxury Furnished House for Rent with Solar DHA,Featured,4
Rooms Available for Rent In Guest House– Defence Phase 1,Featured,4
5 mrle house for sale Faisal town C block,Featured,4
Solar system install kanal house for rent gas available sector D near gigamall Islamabad,Rs 4.40 Lac,4
"1 Kanal Brand New Luxury Furnished House for Rent in a Prime Location of Bahria Town, Lahore.",Rs 6 Lac,4
"Independent 120 Sq. Yd. Ground+2 House For Rent At Punjabi Saudagaran Society Sector 25A Scheme 33, Khi",Rs 1.10 Lac,4
"5 Marla House For Rent In Adiala Road, Ali Town","Rs 30,000",4
10 Marla House For Rent Top Heighted Location,Rs 1.40 Lac,4
240 SQYD House For Rent At Zeenatabad Society Sector 19-A Near By Punjabj Saudagar Phase - 1 Scheme 33 Karachi.,"Rs 60,000",4
"5 Marla Modern Spacious House For Rent In Jinnah Block, Bahria Town, Lahore","Rs 80,000",4
10 Marla Luxury House is Available for Rent in Bahria Town Lahore,Rs 1.40 Lac,4
8 Kanal Fully Furnished Farm House For Rent On Badian Road | Swimming Pool | Huge Lawn | BBQ Area | AC & Solar Installed,"Rs 12,000",4
"400 Sq. Yd. 1st Floor House For Rent At Capital Society Near By Rimjhim Sector 35A Scheme 33, Khi",Rs 1.25 Lac,4
Brand New Independent 120 Sq. Yd. Ground+2 House For Rent At Saadi Town Khi,Rs 1 Lac,4
240 Sq. Yd 1st Floor At Pilibhit Society Near By Al Masood Super Market Sector 18A Scheme 33 Karachi,"Rs 85,000",4
5 Marla Luxury House is Available for Rent in Bahria Town Lahore,"Rs 90,000",4
"1 Kanal Brand New Luxury Furnished House for Rent in a Prime Location of Bahria Town, Lahore.",Rs 5 Lac,4
Corner 240 Square Yard Ground Floor At Gwalior Society Sector 17A Near By Al Masood Super Market & Pizza Max Scheme 33 Karachi,"Rs 75,000",4
"1,2,3 & 4 Bedrooms Apartment Available on Daily Weekly & Monthly Basis E11,F11,F10,G11,G10,G9",Featured,5
5 Marla Ground Portion in Gulraiz near Bahria Town,Featured,5
1000yd Like New Bungalow For Rent,Featured,5
3BED DD Portion Available For Rent,Featured,5
Luxury Fully Furnished House for Rent – Prime Location F-8/1 Islamabad,Featured,5
family and couples room available 24/7,Featured,5
Abrar Estate Offers 10 Marla Double Storey For Rent On Pia Road For Commercial Used,Featured,5
Brand New House For Rent,Featured,5
5 Marla Villa Available For Rent,Featured,5
Long Term Rentals in Islamabad,Featured,5
3 Marla Brand New Spanish House Available For Rent In Al Kabir Town,Featured,5
Rent A Car In Islamabad/Car rental service/ Rent a car/ Honda BRV,Featured,5
"""Moving & Shifting Goods Transportation for Rent with Expert Labours",Featured,5
New SunRise Guest House – 3500-5000 PKR – Rooms for Rent,Featured,5
"Office For Rent In Barkat Market For Office use for Software house, Visa Consultancy, IT Office, Executive Office, textile trading etc",Featured,5
Shah G Hotel Room for rent daily basis and short time,Featured,5
Green Lodge Guest House in G-13/1 Islamabad,Featured,5
10 Marla Brand New House Available For Rent In Bahria Town Phase 8,Featured,5
"Independent 120 Sq. Yd. Ground+2 House For Rent At Punjabi Saudagaran Society Sector 25A Scheme 33, Khi",Rs 1.10 Lac,5
Farm House For Rent At   Daily Basis Barki Road,"Rs 15,000",5
Farm House For Rent DHA Phase 7,"Rs 15,000",5
Farm House For Rent DHA Phase 7 For Per Day,"Rs 15,000",5
Farm House For Rent Bedian Road Lahore,"Rs 16,000",5
Farm House For Rent DHA Phase 7 For Daily Basis,"Rs 15,000",5
House For Rent,Rs 2 Lac,5
House for rent 5 Marla 1st floor with water boring and gas ghauri town phase 4a isb,"Rs 42,000",5
House for rent 3 Marla 1st floor in ghauri town phase 4a isb,"Rs 27,000",5
